1,Nguyen Van A,a1@student.ctu.edu.vn,########,########,c4ca4238a0b923820dcc509a6f75849b,Gon.jpg
2,Tran Thi B,a2@student.ctu.edu.vn,########,########,c4ca4238a0b923820dcc509a6f75850b,Gon.jpg
3,Nguyen Van A,a3@student.ctu.edu.vn,########,########,c4ca4238a0b923820dcc509a6f75851b,Gon.jpg
4,Tran Thi B,a4@student.ctu.edu.vn,########,########,c4ca4238a0b923820dcc509a6f75852b,Gon.jpg
5,Nguyen Van A,a5@student.ctu.edu.vn,########,########,c4ca4238a0b923820dcc509a6f75853b,Gon.jpg
6,Tran Thi B,a6@student.ctu.edu.vn,########,########,c4ca4238a0b923820dcc509a6f75854b,Gon.jpg
7,Nguyen Van A,a7@student.ctu.edu.vn,########,########,c4ca4238a0b923820dcc509a6f75855b,Gon.jpg
8,Tran Thi B,a8@student.ctu.edu.vn,########,########,c4ca4238a0b923820dcc509a6f75856b,Gon.jpg
9,Nguyen Van A,a9@student.ctu.edu.vn,########,########,c4ca4238a0b923820dcc509a6f75857b,Gon.jpg
10,Tran Thi B,a10@student.ctu.edu.vn,########,########,c4ca4238a0b923820dcc509a6f75858b,Gon.jpg
